{
    "locales": {
        "en": {
            "about": "About",
            "all_categories": "All",
            "cancel": "Cancel",
            "close": "Close",
            "email": "Email",
            "experience_year_count_less_than_one": "Less than a year experience",
            "experience_year_count_plural": "{x} years experience",
            "experience_year_count_singular": "{x} year experience",
            "filter_by": "Filter by: {x}",
            "full_screen_enter": "Enter fullscreen",
            "full_screen_exit": "Exit fullscreen",
            "leaving_site": "You'll be redirected to an external page in a new tab: <span class='text-muted'><br>«$url»</span><br><br>Please confirm if you'd like to continue.",
            "magic_cursor_on": "Magic Cursor: On",
            "message": "Message",
            "message_sent_error": "There was an error sending your message.",
            "message_sent_success": "Your message has been sent successfully! I will respond as soon as possible.",
            "more_info": "More Info",
            "name": "Name",
            "next": "Next",
            "no": "No",
            "now": "Now",
            "open_gallery": "Open gallery",
            "open_link": "Open link?",
            "previous": "Previous",
            "proceed": "Proceed",
            "see_certification": "View certification",
            "see_more": "See more",
            "send_message": "Send message",
            "subject": "Subject",
            "theme_dark": "Dark Mode",
            "theme_light": "Light Mode",
            "toggle_sidebar": "Toggle sidebar",
            "uhOh": "Uh-oh!",
            "watch_video": "Watch video",
            "where_to_find": "Where to find",
            "yay": "Yay!",
            "yes": "Yes"
        },

        "es": {
            "about": "Acerca de",
            "all_categories": "Todas",
            "cancel": "Cancelar",
            "close": "Cerrar",
            "email": "Email",
            "experience_year_count_less_than_one": "Menos de un año de experiencia",
            "experience_year_count_plural": "{x} años de experiencia",
            "experience_year_count_singular": "{x} año de experiencia",
            "filter_by": "Filtrar por: {x}",
            "full_screen_enter": "Entrar en fullscreen",
            "full_screen_exit": "Salir de fullscreen",
            "leaving_site": "Serás redirigido a una página externa en una nueva pestaña: <span class='text-muted'><br>«$url»</span><br><br>Por favor, confirma si deseas continuar.",
            "magic_cursor_on": "Cursor Mágico: Activado",
            "message": "Mensaje",
            "message_sent_error": "Hubo un error al enviar tu mensaje.",
            "message_sent_success": "¡Tu mensaje ha sido enviado con éxito! Responderé lo antes posible.",
            "more_info": "Más información",
            "name": "Nombre",
            "next": "Siguiente",
            "no": "No",
            "now": "Presente",
            "open_gallery": "Abrir galería",
            "open_link": "¿Abrir URL?",
            "previous": "Anterior",
            "proceed": "Continuar",
            "see_certification": "Ver certificación",
            "see_more": "Ver más",
            "send_message": "Enviar mensaje",
            "subject": "Asunto",
            "theme_dark": "Modo Oscuro",
            "theme_light": "Modo Claro",
            "toggle_sidebar": "Alternar barra lateral",
            "uhOh": "¡Oh-oh!",
            "watch_video": "Ver video",
            "where_to_find": "Dónde encontrar",
            "yay": "¡Yay!",
            "yes": "Sí"
        },

        "fr": {
            "about": "À propos",
            "all_categories": "Toutes",
            "cancel": "Annuler",
            "close": "Fermer",
            "email": "Email",
            "experience_year_count_less_than_one": "Moins d'un an d'expérience",
            "experience_year_count_plural": "{x} ans d'expérience",
            "experience_year_count_singular": "{x} an d'expérience",
            "filter_by": "Filtrer par : {x}",
            "full_screen_enter": "Passer en plein écran",
            "full_screen_exit": "Quitter le plein écran",
            "leaving_site": "Vous serez redirigé vers une page externe dans un nouvel onglet : <span class='text-muted'><br>«$url»</span><br><br>Veuillez confirmer si vous souhaitez continuer.",
            "magic_cursor_on": "Curseur Magique : Activé",
            "message": "Message",
            "message_sent_error": "Une erreur est survenue lors de l'envoi de votre message.",
            "message_sent_success": "Votre message a été envoyé avec succès ! Je répondrai dès que possible.",
            "more_info": "Plus d'infos",
            "name": "Nom",
            "next": "Suivant",
            "no": "Non",
            "now": "Présent",
            "open_gallery": "Ouvrir la galerie",
            "open_link": "Ouvrir le lien ?",
            "previous": "Précédent",
            "proceed": "Procéder",
            "see_certification": "Voir certification",
            "see_more": "Voir plus",
            "send_message": "Envoyer le message",
            "subject": "Sujet",
            "theme_dark": "Mode Sombre",
            "theme_light": "Mode Clair",
            "toggle_sidebar": "Basculer la barre latérale",
            "uhOh": "Oh-oh!",
            "watch_video": "Regarder la vidéo",
            "where_to_find": "Où trouver",
            "yay": "Yay!",
            "yes": "Oui"
        },

        "ko": {
            "about": "소개",
            "all_categories": "모두",
            "cancel": "취소",
            "close": "닫기",
            "email": "이메일",
            "experience_year_count_less_than_one": "1년 미만의 경력",
            "experience_year_count_plural": "{x}년 경력",
            "experience_year_count_singular": "{x}년 경력",
            "filter_by": "필터 기준: {x}",
            "full_screen_enter": "전체 화면으로 전환",
            "full_screen_exit": "전체 화면 종료",
            "leaving_site": "외부 페이지로 이동되며 새 탭에서 열립니다: <span class='text-muted'><br>«$url»</span><br><br>계속하려면 확인해 주세요.",
            "magic_cursor_on": "마법 커서: 켬",
            "message": "메시지",
            "message_sent_error": "메시지를 보내는 중 오류가 발생했습니다.",
            "message_sent_success": "귀하의 메시지가 성공적으로 전송되었습니다! 가능한 한 빨리 답변하겠습니다.",
            "more_info": "더 많은 정보",
            "name": "이름",
            "next": "다음",
            "no": "아니요",
            "now": "현재",
            "open_gallery": "갤러리 열기",
            "open_link": "링크를 열까요?",
            "previous": "이전",
            "proceed": "진행",
            "see_certification": "인증 보기",
            "see_more": "더 보기",
            "send_message": "메시지 보내기",
            "subject": "제목",
            "theme_dark": "다크 모드",
            "theme_light": "라이트 모드",
            "toggle_sidebar": "사이드바 전환",
            "uhOh": "어이쿠!",
            "watch_video": "비디오 보기",
            "where_to_find": "어디서 찾을 수 있나요",
            "yay": "야!",
            "yes": "예"
        }
    }
}
